{
  "model": "XGBoost (2-stage cascade)",
  "architecture": "Stage1: 양호vs비양호 → Stage2: 주의vs위험",
  "labeling_method": "K-FRAIL (임상 척도 기반)",
  "total_rows": 7092,
  "train_rows": 5673,
  "test_rows": 1419,
  "feature_count": 34,
  "label_distribution": {
    "주의": 4590,
    "양호": 1923,
    "위험": 579
  },
  "stage2_train_distribution": {
    "주의": 3672,
    "위험": 463
  },
  "cross_validation": {
    "folds": 5,
    "cv_accuracy_mean": 0.9454,
    "cv_accuracy_std": 0.0035,
    "cv_macro_f1_mean": 0.9314,
    "cv_macro_f1_std": 0.0094,
    "cv_stage1_auc_mean": 0.9869,
    "cv_stage2_auc_mean": 0.9956
  },
  "holdout": {
    "accuracy": 0.9471,
    "macro_f1": 0.9444,
    "auc_roc_3class": 0.9896,
    "stage1_auc": 0.9859,
    "stage2_auc": 0.9975,
    "classification_report": {
      "양호": {
        "precision": 0.8714953271028038,
        "recall": 0.9688311688311688,
        "f1-score": 0.9175891758917589,
        "support": 385.0
      },
      "주의": {
        "precision": 0.9806598407281001,
        "recall": 0.9389978213507625,
        "f1-score": 0.9593767390094602,
        "support": 918.0
      },
      "위험": {
        "precision": 0.9732142857142857,
        "recall": 0.9396551724137931,
        "f1-score": 0.956140350877193,
        "support": 116.0
      },
      "accuracy": 0.9471458773784355,
      "macro avg": {
        "precision": 0.9417898178483965,
        "recall": 0.9491613875319082,
        "f1-score": 0.9443687552594707,
        "support": 1419.0
      },
      "weighted avg": {
        "precision": 0.9504329047680284,
        "recall": 0.9471458773784355,
        "f1-score": 0.9477744607686863,
        "support": 1419.0
      }
    },
    "confusion_matrix": {
      "labels": [
        "양호",
        "주의",
        "위험"
      ],
      "matrix": [
        [
          373,
          12,
          0
        ],
        [
          53,
          862,
          3
        ],
        [
          2,
          5,
          109
        ]
      ]
    }
  },
  "top_features": [
    {
      "feature": "recent_fall_flag",
      "importance_stage1": 0.08559459447860718,
      "importance_stage2": 0.4360884428024292,
      "importance_avg": 0.2608415186405182
    },
    {
      "feature": "max_hours_num",
      "importance_stage1": 0.46794191002845764,
      "importance_stage2": 0.029818296432495117,
      "importance_avg": 0.24888010323047638
    },
    {
      "feature": "disease_count",
      "importance_stage1": 0.15166398882865906,
      "importance_stage2": 0.03445257246494293,
      "importance_avg": 0.093058280646801
    },
    {
      "feature": "serious_disease_count",
      "importance_stage1": 0.005324128083884716,
      "importance_stage2": 0.1475503146648407,
      "importance_avg": 0.07643721997737885
    },
    {
      "feature": "comorbidity_score",
      "importance_stage1": 0.0711318776011467,
      "importance_stage2": 0.06926587969064713,
      "importance_avg": 0.07019887864589691
    },
    {
      "feature": "short_hours_flag",
      "importance_stage1": 0.0,
      "importance_stage2": 0.09622636437416077,
      "importance_avg": 0.04811318218708038
    },
    {
      "feature": "walking_limited_flag",
      "importance_stage1": 0.03353095054626465,
      "importance_stage2": 0.009451069869101048,
      "importance_avg": 0.02149100974202156
    },
    {
      "feature": "chronic_disease_count",
      "importance_stage1": 0.010332259349524975,
      "importance_stage2": 0.028703561052680016,
      "importance_avg": 0.019517909735441208
    },
    {
      "feature": "dementia_flag",
      "importance_stage1": 0.0,
      "importance_stage2": 0.03657437115907669,
      "importance_avg": 0.018287185579538345
    },
    {
      "feature": "bmi_obese_flag",
      "importance_stage1": 0.03282960504293442,
      "importance_stage2": 0.002795762848109007,
      "importance_avg": 0.017812684178352356
    }
  ]
}