{
  "model": "XGBoost (2-stage cascade)",
  "architecture": "Stage1: 양호vs비양호 → Stage2: 주의vs위험",
  "labeling_method": "서비스 정책 약지도 라벨",
  "service_policy_labeling": true,
  "total_rows": 60000,
  "train_rows": 48000,
  "test_rows": 12000,
  "feature_count": 40,
  "label_distribution": {
    "위험": 24552,
    "주의": 21803,
    "양호": 13645
  },
  "stage2_train_distribution": {
    "주의": 17442,
    "위험": 19642
  },
  "cross_validation": {
    "folds": 5,
    "cv_accuracy_mean": 0.9089,
    "cv_accuracy_std": 0.0037,
    "cv_macro_f1_mean": 0.902,
    "cv_macro_f1_std": 0.0038,
    "cv_stage1_auc_mean": 0.9928,
    "cv_stage2_auc_mean": 0.996
  },
  "holdout": {
    "accuracy": 0.9127,
    "macro_f1": 0.9062,
    "auc_roc_3class": 0.9922,
    "stage1_auc": 0.9932,
    "stage2_auc": 0.9963,
    "classification_report": {
      "양호": {
        "precision": 0.8094067015063019,
        "recall": 0.9648222792231587,
        "f1-score": 0.8803075894349716,
        "support": 2729.0
      },
      "주의": {
        "precision": 0.9344520188778186,
        "recall": 0.8172437514331575,
        "f1-score": 0.8719266055045871,
        "support": 4361.0
      },
      "위험": {
        "precision": 0.964119197243057,
        "recall": 0.9686354378818737,
        "f1-score": 0.966372041044397,
        "support": 4910.0
      },
      "accuracy": 0.91275,
      "macro avg": {
        "precision": 0.9026593058757258,
        "recall": 0.91690048951273,
        "f1-score": 0.9062020786613186,
        "support": 12000.0
      },
      "weighted avg": {
        "precision": 0.9181534501000227,
        "recall": 0.91275,
        "f1-score": 0.9124765049751277,
        "support": 12000.0
      }
    },
    "confusion_matrix": {
      "labels": [
        "양호",
        "주의",
        "위험"
      ],
      "matrix": [
        [
          2633,
          96,
          0
        ],
        [
          620,
          3564,
          177
        ],
        [
          0,
          154,
          4756
        ]
      ]
    }
  },
  "top_features": [
    {
      "feature": "recent_surgery_1y_flag",
      "importance_stage1": 0.25195273756980896,
      "importance_stage2": 0.05429646000266075,
      "importance_avg": 0.15312460064888
    },
    {
      "feature": "serious_disease_count",
      "importance_stage1": 0.0,
      "importance_stage2": 0.15163476765155792,
      "importance_avg": 0.07581738382577896
    },
    {
      "feature": "disease_count",
      "importance_stage1": 0.075251005589962,
      "importance_stage2": 0.07606545090675354,
      "importance_avg": 0.07565823197364807
    },
    {
      "feature": "recent_fall_flag",
      "importance_stage1": 0.0383070632815361,
      "importance_stage2": 0.1105174720287323,
      "importance_avg": 0.0744122713804245
    },
    {
      "feature": "short_hours_flag",
      "importance_stage1": 0.13524648547172546,
      "importance_stage2": 0.009540513157844543,
      "importance_avg": 0.072393499314785
    },
    {
      "feature": "comorbidity_score",
      "importance_stage1": 0.10125956684350967,
      "importance_stage2": 0.043261755257844925,
      "importance_avg": 0.07226066291332245
    },
    {
      "feature": "high_medication_flag",
      "importance_stage1": 0.10948100686073303,
      "importance_stage2": 0.022330420091748238,
      "importance_avg": 0.06590571254491806
    },
    {
      "feature": "surgery_high_impact_flag",
      "importance_stage1": 0.09158194810152054,
      "importance_stage2": 0.028708862140774727,
      "importance_avg": 0.06014540418982506
    },
    {
      "feature": "surgery_recovery_incomplete_flag",
      "importance_stage1": 0.0,
      "importance_stage2": 0.11024405807256699,
      "importance_avg": 0.05512202903628349
    },
    {
      "feature": "joint_disease_flag",
      "importance_stage1": 0.0,
      "importance_stage2": 0.0836397185921669,
      "importance_avg": 0.04181985929608345
    }
  ]
}